{"cameraMode":{"drawMode":0,"name":"Shaded","section":"Shading Mode"},"sceneLighting":true,"audioPlay":false,"sceneViewState":{"m_AlwaysRefresh":false,"showFog":true,"showSkybox":true,"showFlares":true,"showImageEffects":true,"showParticleSystems":true,"showVisualEffectGraphs":true,"m_FxEnabled":true},"in2DMode":false,"pivot":{"x":19.418025970458986,"y":-17.186817169189454,"z":15.063568115234375},"rotation":{"x":0.19937998056411744,"y":0.6951252818107605,"z":-0.21070235967636109,"w":0.6577801704406738},"size":116.87981414794922,"orthographic":false}